西元年,區域,屬性,耗水量,年月KEY,日期格式
1995,北部,工業自備水源耗水量,427.99,199501,1995-01-01
1995,北部,公共給水耗水量,139.02,199501,1995-01-01
1995,中部,工業自備水源耗水量,369.16,199501,1995-01-01
1995,中部,公共給水耗水量,23.88,199501,1995-01-01
1995,南部,工業自備水源耗水量,379.92,199501,1995-01-01
1995,南部,公共給水耗水量,228.07,199501,1995-01-01
1995,東部,工業自備水源耗水量,56.62,199501,1995-01-01
1995,東部,公共給水耗水量,1.65,199501,1995-01-01
1996,北部,工業自備水源耗水量,474.44,199601,1996-01-01
1996,北部,公共給水耗水量,150.91,199601,1996-01-01
1996,中部,工業自備水源耗水量,400.22,199601,1996-01-01
1996,中部,公共給水耗水量,26.13,199601,1996-01-01
1996,南部,工業自備水源耗水量,425.43,199601,1996-01-01
1996,南部,公共給水耗水量,237.66,199601,1996-01-01
1996,東部,工業自備水源耗水量,48.92,199601,1996-01-01
1996,東部,公共給水耗水量,1.63,199601,1996-01-01
1997,北部,工業自備水源耗水量,356.28,199701,1997-01-01
1997,北部,公共給水耗水量,156.22,199701,1997-01-01
1997,中部,工業自備水源耗水量,319.84,199701,1997-01-01
1997,中部,公共給水耗水量,28.33,199701,1997-01-01
1997,南部,工業自備水源耗水量,473.9,199701,1997-01-01
1997,南部,公共給水耗水量,225.69,199701,1997-01-01
1997,東部,工業自備水源耗水量,50.0,199701,1997-01-01
1997,東部,公共給水耗水量,3.4,199701,1997-01-01
1998,北部,工業自備水源耗水量,378.27,199801,1998-01-01
1998,北部,公共給水耗水量,146.18,199801,1998-01-01
1998,中部,工業自備水源耗水量,359.42,199801,1998-01-01
1998,中部,公共給水耗水量,32.1,199801,1998-01-01
1998,南部,工業自備水源耗水量,471.18,199801,1998-01-01
1998,南部,公共給水耗水量,258.73,199801,1998-01-01
1998,東部,工業自備水源耗水量,53.87,199801,1998-01-01
1998,東部,公共給水耗水量,2.12,199801,1998-01-01
1999,北部,工業自備水源耗水量,375.06,199901,1999-01-01
1999,北部,公共給水耗水量,158.21,199901,1999-01-01
1999,北部,工業自備水源耗水量,375.06,199901,1999-01-01
1999,北部,公共給水耗水量,158.21,199901,1999-01-01
1999,中部,工業自備水源耗水量,367.06,199901,1999-01-01
1999,中部,公共給水耗水量,38.0,199901,1999-01-01
1999,南部,工業自備水源耗水量,453.86,199901,1999-01-01
1999,南部,公共給水耗水量,270.65,199901,1999-01-01
1999,南部,工業自備水源耗水量,453.89,199901,1999-01-01
1999,南部,公共給水耗水量,270.65,199901,1999-01-01
1999,東部,工業自備水源耗水量,57.64,199901,1999-01-01
1999,東部,公共給水耗水量,2.03,199901,1999-01-01
2000,北部,工業自備水源耗水量,455.6,200001,2000-01-01
2000,北部,公共給水耗水量,192.2,200001,2000-01-01
2000,中部,工業自備水源耗水量,529.1,200001,2000-01-01
2000,中部,公共給水耗水量,43.5,200001,2000-01-01
2000,南部,工業自備水源耗水量,280.0,200001,2000-01-01
2000,南部,公共給水耗水量,308.5,200001,2000-01-01
2000,東部,工業自備水源耗水量,58.8,200001,2000-01-01
2000,東部,公共給水耗水量,2.2,200001,2000-01-01
2001,北部,工業自備水源耗水量,438.31,200101,2001-01-01
2001,北部,公共給水耗水量,191.35,200101,2001-01-01
2001,中部,工業自備水源耗水量,459.28,200101,2001-01-01
2001,中部,公共給水耗水量,43.38,200101,2001-01-01
2001,南部,工業自備水源耗水量,252.45,200101,2001-01-01
2001,南部,公共給水耗水量,296.44,200101,2001-01-01
2001,東部,工業自備水源耗水量,57.03,200101,2001-01-01
2001,東部,公共給水耗水量,1.56,200101,2001-01-01
2001,北部,工業自備水源耗水量,438.31,200101,2001-01-01
2001,北部,公共給水耗水量,191.35,200101,2001-01-01
2001,中部,工業自備水源耗水量,459.28,200101,2001-01-01
2001,中部,公共給水耗水量,43.38,200101,2001-01-01
2001,南部,工業自備水源耗水量,252.45,200101,2001-01-01
2001,南部,公共給水耗水量,296.44,200101,2001-01-01
2001,東部,工業自備水源耗水量,57.03,200101,2001-01-01
2001,東部,公共給水耗水量,1.56,200101,2001-01-01
2002,北部,工業自備水源耗水量,443.42,200201,2002-01-01
2002,北部,公共給水耗水量,186.38,200201,2002-01-01
2002,中部,工業自備水源耗水量,468.72,200201,2002-01-01
2002,中部,公共給水耗水量,42.79,200201,2002-01-01
2002,南部,工業自備水源耗水量,258.92,200201,2002-01-01
2002,南部,公共給水耗水量,307.38,200201,2002-01-01
2002,東部,工業自備水源耗水量,55.7,200201,2002-01-01
2002,東部,公共給水耗水量,2.24,200201,2002-01-01
2003,北部,工業自備水源耗水量,282.21,200301,2003-01-01
2003,北部,公共給水耗水量,216.0,200301,2003-01-01
2003,中部,工業自備水源耗水量,459.81,200301,2003-01-01
2003,中部,公共給水耗水量,49.8,200301,2003-01-01
2003,南部,工業自備水源耗水量,242.96,200301,2003-01-01
2003,南部,公共給水耗水量,298.7,200301,2003-01-01
2003,東部,工業自備水源耗水量,56.41,200301,2003-01-01
2003,東部,公共給水耗水量,2.2,200301,2003-01-01
2004,北部,工業自備水源耗水量,298.3,200401,2004-01-01
2004,北部,公共給水耗水量,247.8,200401,2004-01-01
2004,中部,工業自備水源耗水量,470.4,200401,2004-01-01
2004,中部,公共給水耗水量,56.5,200401,2004-01-01
2004,南部,工業自備水源耗水量,225.98,200401,2004-01-01
2004,南部,公共給水耗水量,300.4,200401,2004-01-01
2004,東部,工業自備水源耗水量,52.93,200401,2004-01-01
2004,東部,公共給水耗水量,2.0,200401,2004-01-01
2005,北部,工業自備水源耗水量,210.31,200501,2005-01-01
2005,北部,公共給水耗水量,253.0,200501,2005-01-01
2005,中部,工業自備水源耗水量,442.11,200501,2005-01-01
2005,中部,公共給水耗水量,61.0,200501,2005-01-01
2005,南部,工業自備水源耗水量,203.32,200501,2005-01-01
2005,南部,公共給水耗水量,316.4,200501,2005-01-01
2005,東部,工業自備水源耗水量,56.11,200501,2005-01-01
2005,東部,公共給水耗水量,1.9,200501,2005-01-01
2006,北部,工業自備水源耗水量,191.0,200601,2006-01-01
2006,北部,公共給水耗水量,271.6,200601,2006-01-01
2006,中部,工業自備水源耗水量,455.55,200601,2006-01-01
2006,中部,公共給水耗水量,74.5,200601,2006-01-01
2006,南部,工業自備水源耗水量,195.97,200601,2006-01-01
2006,南部,公共給水耗水量,328.8,200601,2006-01-01
2006,東部,工業自備水源耗水量,55.99,200601,2006-01-01
2006,東部,公共給水耗水量,1.96,200601,2006-01-01
2007,北部,工業自備水源耗水量,191.88,200701,2007-01-01
2007,北部,公共給水耗水量,273.9,200701,2007-01-01
2007,中部,工業自備水源耗水量,440.54,200701,2007-01-01
2007,中部,公共給水耗水量,78.6,200701,2007-01-01
2007,南部,工業自備水源耗水量,248.42,200701,2007-01-01
2007,南部,公共給水耗水量,352.5,200701,2007-01-01
2007,東部,工業自備水源耗水量,56.09,200701,2007-01-01
2007,東部,公共給水耗水量,1.9,200701,2007-01-01
2008,北部,工業自備水源耗水量,202.19,200801,2008-01-01
2008,北部,公共給水耗水量,274.2,200801,2008-01-01
2008,中部,工業自備水源耗水量,433.59,200801,2008-01-01
2008,中部,公共給水耗水量,92.5,200801,2008-01-01
2008,南部,工業自備水源耗水量,251.2,200801,2008-01-01
2008,南部,公共給水耗水量,353.8,200801,2008-01-01
2008,東部,工業自備水源耗水量,55.89,200801,2008-01-01
2008,東部,公共給水耗水量,1.7,200801,2008-01-01
2008,其他,工業自備水源耗水量,2.51,200801,2008-01-01
2008,其他,公共給水耗水量,0.0,200801,2008-01-01
2008,北部,工業自備水源耗水量,202.19,200801,2008-01-01
2008,北部,公共給水耗水量,274.2,200801,2008-01-01
2008,中部,工業自備水源耗水量,433.59,200801,2008-01-01
2008,中部,公共給水耗水量,92.5,200801,2008-01-01
2008,南部,工業自備水源耗水量,251.2,200801,2008-01-01
2008,南部,公共給水耗水量,353.8,200801,2008-01-01
2008,東部,工業自備水源耗水量,55.89,200801,2008-01-01
2008,東部,公共給水耗水量,1.7,200801,2008-01-01
2008,其他,工業自備水源耗水量,2.51,200801,2008-01-01
2008,其他,公共給水耗水量,0.0,200801,2008-01-01
2009,北部,工業自備水源耗水量,208.43,200901,2009-01-01
2009,北部,公共給水耗水量,239.6,200901,2009-01-01
2009,中部,工業自備水源耗水量,446.91,200901,2009-01-01
2009,中部,公共給水耗水量,84.5,200901,2009-01-01
2009,南部,工業自備水源耗水量,198.62,200901,2009-01-01
2009,南部,公共給水耗水量,313.7,200901,2009-01-01
2009,東部,工業自備水源耗水量,55.69,200901,2009-01-01
2009,東部,公共給水耗水量,1.4,200901,2009-01-01
2009,其他,工業自備水源耗水量,2.47,200901,2009-01-01
2009,其他,公共給水耗水量,0.0,200901,2009-01-01
2010,北部,公共給水耗水量,0.0,201001,2010-01-01
2010,北部,工業自備水源耗水量,187.76,201001,2010-01-01
2010,北部,公共給水耗水量,276.8,201001,2010-01-01
2010,中部,工業自備水源耗水量,482.26,201001,2010-01-01
2010,中部,公共給水耗水量,114.8,201001,2010-01-01
2010,南部,工業自備水源耗水量,187.71,201001,2010-01-01
2010,南部,公共給水耗水量,347.6,201001,2010-01-01
2010,東部,工業自備水源耗水量,55.88,201001,2010-01-01
2010,東部,公共給水耗水量,1.6,201001,2010-01-01
2010,其他,工業自備水源耗水量,2.45,201001,2010-01-01
2010,其他,公共給水耗水量,0.0,201001,2010-01-01
2011,北部,工業自備水源耗水量,177.88,201101,2011-01-01
2011,北部,公共給水耗水量,286.6,201101,2011-01-01
2011,中部,工業自備水源耗水量,377.34,201101,2011-01-01
2011,中部,公共給水耗水量,120.8,201101,2011-01-01
2011,南部,工業自備水源耗水量,170.72,201101,2011-01-01
2011,南部,公共給水耗水量,359.2,201101,2011-01-01
2011,東部,工業自備水源耗水量,54.54,201101,2011-01-01
2011,東部,公共給水耗水量,1.6,201101,2011-01-01
2011,其他,工業自備水源耗水量,3.14,201101,2011-01-01
2011,其他,公共給水耗水量,0.0,201101,2011-01-01
2011,北部,工業自備水源耗水量,177.88,201101,2011-01-01
2011,北部,公共給水耗水量,286.6,201101,2011-01-01
2011,中部,工業自備水源耗水量,377.34,201101,2011-01-01
2011,中部,公共給水耗水量,120.8,201101,2011-01-01
2011,南部,工業自備水源耗水量,170.72,201101,2011-01-01
2011,南部,公共給水耗水量,359.2,201101,2011-01-01
2011,東部,工業自備水源耗水量,54.54,201101,2011-01-01
2011,東部,公共給水耗水量,1.6,201101,2011-01-01
2011,中部,工業自備水源耗水量,377.34,201101,2011-01-01
2011,中部,公共給水耗水量,120.8,201101,2011-01-01
2011,其他,工業自備水源耗水量,3.14,201101,2011-01-01
2011,其他,公共給水耗水量,0.0,201101,2011-01-01
2012,中部,工業自備水源耗水量,423.1,201201,2012-01-01
2012,中部,公共給水耗水量,131.6,201201,2012-01-01
2012,南部,工業自備水源耗水量,163.75,201201,2012-01-01
2012,南部,公共給水耗水量,363.54,201201,2012-01-01
2012,東部,工業自備水源耗水量,54.13,201201,2012-01-01
2012,東部,公共給水耗水量,1.7,201201,2012-01-01
2012,其他,工業自備水源耗水量,3.32,201201,2012-01-01
2012,其他,公共給水耗水量,0.0,201201,2012-01-01
2012,北部,工業自備水源耗水量,176.4,201201,2012-01-01
2012,北部,公共給水耗水量,292.33,201201,2012-01-01
2013,北部,工業自備水源耗水量,174.08,201301,2013-01-01
2013,北部,公共給水耗水量,294.05,201301,2013-01-01
2013,中部,工業自備水源耗水量,435.47,201301,2013-01-01
2013,中部,公共給水耗水量,141.6,201301,2013-01-01
2013,南部,工業自備水源耗水量,172.0,201301,2013-01-01
2013,南部,公共給水耗水量,360.2,201301,2013-01-01
2013,東部,工業自備水源耗水量,56.47,201301,2013-01-01
2013,東部,公共給水耗水量,1.7,201301,2013-01-01
2013,其他,工業自備水源耗水量,3.41,201301,2013-01-01
2013,其他,公共給水耗水量,0.0,201301,2013-01-01
2014,北部,工業自備水源耗水量,132.37,201401,2014-01-01
2014,北部,公共給水耗水量,305.66,201401,2014-01-01
2014,中部,工業自備水源耗水量,418.09,201401,2014-01-01
2014,中部,公共給水耗水量,153.28,201401,2014-01-01
2014,南部,工業自備水源耗水量,197.19,201401,2014-01-01
2014,南部,公共給水耗水量,369.3,201401,2014-01-01
2014,東部,工業自備水源耗水量,55.9,201401,2014-01-01
2014,東部,公共給水耗水量,1.73,201401,2014-01-01
2014,其他,工業自備水源耗水量,3.31,201401,2014-01-01
2014,其他,公共給水耗水量,0.0,201401,2014-01-01
2015,北部,工業自備水源耗水量,176.31,201501,2015-01-01
2015,北部,公共給水耗水量,280.46,201501,2015-01-01
2015,中部,工業自備水源耗水量,423.2,201501,2015-01-01
2015,中部,公共給水耗水量,149.04,201501,2015-01-01
2015,南部,工業自備水源耗水量,152.21,201501,2015-01-01
2015,南部,公共給水耗水量,360.74,201501,2015-01-01
2015,東部,工業自備水源耗水量,53.54,201501,2015-01-01
2015,東部,公共給水耗水量,1.81,201501,2015-01-01
2015,其他,工業自備水源耗水量,3.23,201501,2015-01-01
2015,其他,公共給水耗水量,0.0,201501,2015-01-01
2016,北部,工業自備水源耗水量,182.22,201601,2016-01-01
2016,北部,公共給水耗水量,273.69,201601,2016-01-01
2016,中部,工業自備水源耗水量,436.86,201601,2016-01-01
2016,中部,公共給水耗水量,154.55,201601,2016-01-01
2016,東部,工業自備水源耗水量,50.67,201601,2016-01-01
2016,東部,公共給水耗水量,1.49,201601,2016-01-01
2016,其他,工業自備水源耗水量,3.14,201601,2016-01-01
2016,其他,公共給水耗水量,0.0,201601,2016-01-01
2016,南部,工業自備水源耗水量,159.95,201601,2016-01-01
2016,南部,公共給水耗水量,366.08,201601,2016-01-01
2017,北部,工業自備水源耗水量,172.97,201701,2017-01-01
2017,北部,公共給水耗水量,288.96,201701,2017-01-01
2017,中部,工業自備水源耗水量,425.7,201701,2017-01-01
2017,中部,公共給水耗水量,172.39,201701,2017-01-01
2017,南部,工業自備水源耗水量,162.39,201701,2017-01-01
2017,南部,公共給水耗水量,376.36,201701,2017-01-01
2017,東部,工業自備水源耗水量,50.88,201701,2017-01-01
2017,東部,公共給水耗水量,1.32,201701,2017-01-01
2017,其他,工業自備水源耗水量,3.18,201701,2017-01-01
2017,其他,公共給水耗水量,0.0,201701,2017-01-01
2018,北部,工業自備水源耗水量,163.42,201801,2018-01-01
2018,北部,公共給水耗水量,291.97,201801,2018-01-01
2018,中部,工業自備水源耗水量,430.97,201801,2018-01-01
2018,中部,公共給水耗水量,177.39,201801,2018-01-01
2018,南部,工業自備水源耗水量,187.96,201801,2018-01-01
2018,南部,公共給水耗水量,360.05,201801,2018-01-01
2018,東部,工業自備水源耗水量,51.4,201801,2018-01-01
2018,東部,公共給水耗水量,1.16,201801,2018-01-01
2018,其他,工業自備水源耗水量,3.24,201801,2018-01-01
2018,其他,公共給水耗水量,0.0,201801,2018-01-01
2019,北部,工業自備水源耗水量,169.77,201901,2019-01-01
2019,北部,公共給水耗水量,279.71,201901,2019-01-01
2019,中部,工業自備水源耗水量,437.52,201901,2019-01-01
2019,中部,公共給水耗水量,175.28,201901,2019-01-01
2019,南部,工業自備水源耗水量,207.92,201901,2019-01-01
2019,南部,公共給水耗水量,345.35,201901,2019-01-01
2019,東部,工業自備水源耗水量,51.48,201901,2019-01-01
2019,東部,公共給水耗水量,1.11,201901,2019-01-01
2019,其他,工業自備水源耗水量,3.2,201901,2019-01-01
2019,其他,公共給水耗水量,0.0,201901,2019-01-01
2019,北部,工業自備水源耗水量,169.77,201901,2019-01-01
2019,北部,公共給水耗水量,279.71,201901,2019-01-01
2019,中部,工業自備水源耗水量,437.52,201901,2019-01-01
2019,中部,公共給水耗水量,175.28,201901,2019-01-01
2019,南部,工業自備水源耗水量,207.92,201901,2019-01-01
2019,南部,公共給水耗水量,345.35,201901,2019-01-01
2019,北部,工業自備水源耗水量,51.48,201901,2019-01-01
2019,北部,公共給水耗水量,1.11,201901,2019-01-01
2019,其他,工業自備水源耗水量,3.2,201901,2019-01-01
2019,其他,公共給水耗水量,0.0,201901,2019-01-01
2020,北部,工業自備水源耗水量,302.78,202001,2020-01-01
2020,北部,公共給水耗水量,156.74,202001,2020-01-01
2020,中部,工業自備水源耗水量,443.31,202001,2020-01-01
2020,中部,公共給水耗水量,229.49,202001,2020-01-01
2020,東部,工業自備水源耗水量,20.93,202001,2020-01-01
2020,東部,公共給水耗水量,10.83,202001,2020-01-01
2020,其他,工業自備水源耗水量,2.66,202001,2020-01-01
2020,其他,公共給水耗水量,1.37,202001,2020-01-01
2020,南部,工業自備水源耗水量,418.35,202001,2020-01-01
2020,南部,公共給水耗水量,216.57,202001,2020-01-01
